"PointID","x","y","Density","Momentum_x","Momentum_y","Energy","Pressure","Temperature","Mach","Pressure_Coefficient"
0, -2.291667000000000e+01, -1.000000000000000e+01, 1.225967502449299e+00, 1.659932788882397e+02, 1.630564372521860e-02, 2.648360450120787e+05, 1.014393936511035e+05, 2.882425104880913e+02, 3.978173193058998e-01, 1.008015677130944e-02
1, -2.083333000000000e+01, -1.000000000000000e+01, 1.226029116923499e+00, 1.659631908288985e+02, 2.481847398947031e-02, 2.648493243989011e+05, 1.014465605605805e+05, 2.882483886957544e+02, 3.977211689787088e-01, 1.071169156713621e-02
2, -1.875000000000000e+01, -1.000000000000000e+01, 1.225984009128465e+00, 1.659458863028397e+02, 3.201351528231559e-02, 2.648348446724809e+05, 1.014415402519506e+05, 2.882447291202897e+02, 3.976968590909386e-01, 1.026931126419348e-02
3, -1.666667000000000e+01, -1.000000000000000e+01, 1.226031158120555e+00, 1.659366551095960e+02, 5.005994878251574e-02, 2.648461306511969e+05, 1.014467269348077e+05, 2.882483815281136e+02, 3.976569342057075e-01, 1.072635215604544e-02
4, -1.458333000000000e+01, -1.000000000000000e+01, 1.225884191811154e+00, 1.659202441348830e+02, 4.870866425333752e-02, 2.648040212363638e+05, 1.014302332128983e+05, 2.882360679654510e+02, 3.976737682504075e-01, 9.272955914343857e-03
5, -1.250000000000000e+01, -1.000000000000000e+01, 1.225968402933395e+00, 1.658827342914392e+02, 5.398838893016315e-02, 2.648202605495303e+05, 1.014390677348734e+05, 2.882413726733099e+02, 3.975529013592607e-01, 1.005143763643852e-02
6, -1.041667000000000e+01, -1.000000000000000e+01, 1.225894527978453e+00, 1.658290818330132e+02, 5.140181230395055e-02, 2.647927421840034e+05, 1.014306934520812e+05, 2.882349455529159e+02, 3.974526972399128e-01, 9.313511339152267e-03
7, -8.333333000000000e+00, -1.000000000000000e+01, 1.225976485958022e+00, 1.658017457629998e+02, 6.864963131700125e-02, 2.648095267232484e+05, 1.014391857514322e+05, 2.882398076044052e+02, 3.973572770087193e-01, 1.006183703713203e-02
8, -6.250000000000000e+00, -1.000000000000000e+01, 1.225943249401869e+00, 1.656420953482288e+02, 6.007395384760726e-02, 2.647805033902702e+05, 1.014360875761891e+05, 2.882388183612200e+02, 3.969860975874299e-01, 9.788831570009246e-03
9, -4.166667000000000e+00, -1.000000000000000e+01, 1.225975391593192e+00, 1.656002893931650e+02, 7.319198140943822e-02, 2.647853229314811e+05, 1.014403915442166e+05, 2.882434911687249e+02, 3.968722936500756e-01, 1.016808926514654e-02
10, -2.083333000000000e+00, -1.000000000000000e+01, 1.225908122753816e+00, 1.655514828929446e+02, 7.106116819256578e-02, 2.647638434336442e+05, 1.014341911071198e+05, 2.882416883091579e+02, 3.967783352442207e-01, 9.621718226341327e-03
11, 0.000000000000000e+00, -1.000000000000000e+01, 1.225834884626722e+00, 1.657008244281313e+02, 4.229112806002747e-02, 2.647607696870083e+05, 1.014246238082069e+05, 2.882317208008123e+02, 3.971668336961553e-01, 8.778665556983711e-03
12, 2.083333000000000e+00, -1.000000000000000e+01, 1.226015767272580e+00, 1.657768739039885e+02, 4.672286966907396e-02, 2.648213206702648e+05, 1.014453927590835e+05, 2.882482091244450e+02, 3.972791321326555e-01, 1.060878706103632e-02
13, 4.166667000000000e+00, -1.000000000000000e+01, 1.225618325253986e+00, 1.660498893757429e+02, 4.855235104816150e-02, 2.647460734427829e+05, 1.013990566848333e+05, 2.882099793067873e+02, 3.980888475648695e-01, 6.525737974810555e-03
14, 6.250000000000000e+00, -1.000000000000000e+01, 1.225373801841024e+00, 1.663292774181287e+02, 3.159822611339563e-02, 2.647154626527713e+05, 1.013707580977901e+05, 2.881870415400651e+02, 3.988540884510929e-01, 4.032118870508598e-03
15, 8.333333000000000e+00, -1.000000000000000e+01, 1.225042204247049e+00, 1.665252271199789e+02, 1.293528950698573e-02, 2.646603388627189e+05, 1.013368382260982e+05, 2.881685918109228e+02, 3.994448421643953e-01, 1.043162569013156e-03
16, 1.041667000000000e+01, -1.000000000000000e+01, 1.224946898562617e+00, 1.667783226533715e+02, -2.507117324666123e-02, 2.646617341306981e+05, 1.013232707435352e+05, 2.881524280066261e+02, 4.000942936320588e-01, -1.523788784983351e-04
17, 1.250000000000000e+01, -1.000000000000000e+01, 1.224755853552607e+00, 1.670170084322942e+02, -2.648588231861777e-02, 2.646392889771074e+05, 1.013005739720033e+05, 2.881328185755637e+02, 4.007430259247642e-01, -2.152376369950129e-03
18, 1.458333000000000e+01, -1.000000000000000e+01, 1.224672661545452e+00, 1.673168171577548e+02, -3.268568375862581e-02, 2.646510881920134e+05, 1.012886146995700e+05, 2.881183729425047e+02, 4.014997300541815e-01, -3.206205317931876e-03
19, 1.666667000000000e+01, -1.000000000000000e+01, 1.224597206737879e+00, 1.674330094514614e+02, -2.849045422577479e-02, 2.646476676099751e+05, 1.012806124613021e+05, 2.881133616512365e+02, 4.018067979616560e-01, -3.911347740462232e-03
20, 1.875000000000000e+01, -1.000000000000000e+01, 1.224576444661185e+00, 1.675414667121157e+02, -2.506471513731553e-02, 2.646590968185223e+05, 1.012791730015385e+05, 2.881141515617870e+02, 4.020733387318213e-01, -4.038190270123932e-03
21, 2.083333000000000e+01, -1.000000000000000e+01, 1.224635904221780e+00, 1.675250529140218e+02, -2.509813105362017e-02, 2.646737751766786e+05, 1.012861651128741e+05, 2.881200526576962e+02, 4.020103113752087e-01, -3.422058362929051e-03
22, 2.291667000000000e+01, -1.000000000000000e+01, 1.224764032160365e+00, 1.674718068112275e+02, -1.342380143221361e-02, 2.647047297149186e+05, 1.013019392550359e+05, 2.881347778078742e+02, 4.018302224719109e-01, -2.032070156503696e-03
23, 2.500000000000000e+01, -1.000000000000000e+01, 1.224865442489422e+00, 1.674283792625263e+02, 5.941751800057314e-03, 2.647276248152385e+05, 1.013138512811883e+05, 2.881448010221869e+02, 4.016857751097616e-01, -9.824044633368288e-04
47, 2.500000000000000e+01, 1.000000000000000e+01, 1.224697275366411e+00, 1.660769863992388e+02, -7.277395627529578e-04, 2.644936997188308e+05, 1.012932540732419e+05, 2.881257789399272e+02, 3.985114466383846e-01, -2.797392298305070e-03
48, 2.291667000000000e+01, 1.000000000000000e+01, 1.224406007504009e+00, 1.660539557859004e+02, 1.795876022018995e-03, 2.644056636959357e+05, 1.012582176271911e+05, 2.880946358685972e+02, 3.985725112418130e-01, -5.884739065321877e-03
49, 2.083333000000000e+01, 1.000000000000000e+01, 1.224313518619504e+00, 1.660845905725486e+02, -1.928696275413750e-02, 2.643842468695499e+05, 1.012476484301299e+05, 2.880863263317352e+02, 3.986819100825794e-01, -6.816077144805303e-03
50, 1.875000000000000e+01, 1.000000000000000e+01, 1.224127107298583e+00, 1.661566336961234e+02, -1.856111238625459e-02, 2.643410417110692e+05, 1.012257695300372e+05, 2.880679335147448e+02, 3.989283205766552e-01, -8.744005319054369e-03
51, 1.666667000000000e+01, 1.000000000000000e+01, 1.224056896725620e+00, 1.662103538110696e+02, -2.891184793512979e-02, 2.643262207273538e+05, 1.012166650162562e+05, 2.880585456993041e+02, 3.990866941153350e-01, -9.546278219292104e-03
52, 1.458333000000000e+01, 1.000000000000000e+01, 1.223735095813763e+00, 1.663576682752278e+02, -1.812721472035585e-02, 2.642570879489891e+05, 1.011798180303386e+05, 2.880294027357182e+02, 3.995656582326189e-01, -1.279316640772366e-02
53, 1.250000000000000e+01, 1.000000000000000e+01, 1.223567902883169e+00, 1.664300857549516e+02, -3.203694297134889e-02, 2.642214523443446e+05, 1.011610063903020e+05, 2.880152015944429e+02, 3.998040770824877e-01, -1.445081330390139e-02
54, 1.041667000000000e+01, 1.000000000000000e+01, 1.223265600142867e+00, 1.665452401145073e+02, -3.955528820606041e-02, 2.641538876088968e+05, 1.011265924702336e+05, 2.879883741279851e+02, 4.001982185864523e-01, -1.748330423375937e-02
55, 8.333333000000000e+00, 1.000000000000000e+01, 1.222998696383336e+00, 1.666679898897624e+02, -6.169143928558393e-02, 2.640972744304241e+05, 1.010962683545011e+05, 2.879648480099276e+02, 4.005969605261710e-01, -2.015540917652368e-02
56, 6.250000000000000e+00, 1.000000000000000e+01, 1.222315847403174e+00, 1.671033138609137e+02, -7.478538123336224e-02, 2.639663746054383e+05, 1.010175960557254e+05, 2.879015029919220e+02, 4.019118881304222e-01, -2.708786650757686e-02
57, 4.166667000000000e+00, 1.000000000000000e+01, 1.221852555377067e+00, 1.674130959934471e+02, -7.570180746830166e-02, 2.638771499231552e+05, 1.009632114322051e+05, 2.878556114449037e+02, 4.028417516489572e-01, -3.188013885613284e-02
58, 2.083333000000000e+00, 1.000000000000000e+01, 1.221453525914445e+00, 1.677446875069426e+02, -7.924356257886300e-02, 2.638154942842484e+05, 1.009188531247551e+05, 2.878231382781119e+02, 4.037942948487606e-01, -3.578891079314136e-02
59, 0.000000000000000e+00, 1.000000000000000e+01, 1.221912058905872e+00, 1.678844946202946e+02, -1.519307500435339e-01, 2.639586929212550e+05, 1.009701784599022e+05, 2.878614564059058e+02, 4.039524163529675e-01, -3.126621727272380e-02
60, -2.083333000000000e+00, 1.000000000000000e+01, 1.222065050126230e+00, 1.679481936145525e+02, -1.061649574006639e-01, 2.640068980691570e+05, 1.009865390016648e+05, 2.878720561514452e+02, 4.040475706586623e-01, -2.982455661900838e-02
61, -4.166667000000000e+00, 1.000000000000000e+01, 1.222643253462117e+00, 1.676836512919227e+02, -5.491995469526234e-02, 2.641342765592371e+05, 1.010541988941413e+05, 2.879286978070733e+02, 4.031806381456484e-01, -2.386249214503621e-02
62, -6.250000000000000e+00, 1.000000000000000e+01, 1.223609636387237e+00, 1.672954093445845e+02, -5.096432351995318e-02, 2.643501575259230e+05, 1.011654412105982e+05, 2.880180042283032e+02, 4.018671361605264e-01, -1.406002514907659e-02
63, -8.333333000000000e+00, 1.000000000000000e+01, 1.224006965546925e+00, 1.670046691202472e+02, -1.191714965137775e-03, 2.644270016767727e+05, 1.012135456395792e+05, 2.880614185510093e+02, 4.010082720112295e-01, -9.821151917517661e-03
64, -1.041667000000000e+01, 1.000000000000000e+01, 1.224697287358141e+00, 1.667055161395950e+02, -2.281403391683547e-02, 2.645772951030758e+05, 1.012925345698669e+05, 2.881237295118617e+02, 4.000210630232579e-01, -2.860793603775719e-03
65, -1.250000000000000e+01, 1.000000000000000e+01, 1.224930538071723e+00, 1.665476362896766e+02, -6.585097737527197e-03, 2.646194434691872e+05, 1.013188487121425e+05, 2.881437006982246e+02, 3.995522694531967e-01, -5.420400988284654e-04
66, -1.458333000000000e+01, 1.000000000000000e+01, 1.225306319849381e+00, 1.663815893673615e+02, -1.782945471756528e-02, 2.647044486395483e+05, 1.013632630408054e+05, 2.881816041494890e+02, 3.990052638647641e-01, 3.371668323759465e-03
67, -1.666667000000000e+01, 1.000000000000000e+01, 1.225341409205516e+00, 1.663164639211923e+02, 3.503465339863010e-05, 2.647046539632944e+05, 1.013670111177757e+05, 2.881840073621838e+02, 3.988359974728172e-01, 3.701941928001773e-03
68, -1.875000000000000e+01, 1.000000000000000e+01, 1.225660327646841e+00, 1.661982851486014e+02, -8.717374289836856e-03, 2.647793757853908e+05, 1.014044868514709e+05, 2.882155364007440e+02, 3.984271003847404e-01, 7.004234206660417e-03
69, -2.083333000000000e+01, 1.000000000000000e+01, 1.225668075107186e+00, 1.661723150297581e+02, 4.476862686924737e-03, 2.647755424209787e+05, 1.014043904949432e+05, 2.882134407211014e+02, 3.983637720534936e-01, 6.995743447818024e-03
70, -2.291667000000000e+01, 1.000000000000000e+01, 1.225751848176902e+00, 1.661390524096117e+02, 5.679388975700108e-03, 2.647943195921949e+05, 1.014140128624526e+05, 2.882210899969888e+02, 3.982515266440373e-01, 7.843648659951789e-03
71, -2.500000000000000e+01, 1.000000000000000e+01, 1.225837196333156e+00, 1.660841513817273e+02, -1.841387628955868e-02, 2.648132493558013e+05, 1.014248741129186e+05, 2.882318885706550e+02, 3.980847495731277e-01, 8.800721944823788e-03
95, -2.500000000000000e+01, -1.000000000000000e+01, 1.226021601900106e+00, 1.659987568323479e+02, 1.375085068985691e-02, 2.648526871101048e+05, 1.014459521779707e+05, 2.882484268856644e+02, 3.978088098034817e-01, 1.065808201778714e-02
96, -3.720975000000000e-04, 1.049554000000000e-03, 1.089494685808408e+00, 3.512088496206205e+01, -1.085006520330341e+02, 2.383730537397842e+05, 9.296171686252272e+04, 2.972414457118137e+02, 3.028593792912371e-01, -7.369570280812519e-01
97, -6.858100999999999e-04, 2.225619000000000e-03, 1.116586692576105e+00, 2.464573464929808e+01, -1.035038440280127e+02, 2.443594607424685e+05, 9.571609436655107e+04, 2.986227337148983e+02, 2.750611611219163e-01, -4.942463812915414e-01
98, -9.193898000000000e-04, 3.535117000000000e-03, 1.138480523958639e+00, 1.544673409714548e+01, -9.354927645003589e+01, 2.497610554227086e+05, 9.832511210985927e+04, 3.008632829037092e+02, 2.395093432992772e-01, -2.643445675285264e-01
99, -1.045774000000000e-03, 4.982912000000000e-03, 1.164856315222054e+00, 5.154192744308347e+00, -7.739022715717608e+01, 2.555844283891829e+05, 1.012008863751529e+05, 3.026511323171006e+02, 1.909214865934286e-01, -1.093666286410926e-02
100, -1.034670000000000e-03, 6.570341000000000e-03, 1.180918791968000e+00, -9.371365720561586e-02, -5.978332365997139e+01, 2.598704578901327e+05, 1.033428825046634e+05, 3.048532874630933e+02, 1.446326253322124e-01, 1.778120708349548e-01
101, -8.574086000000000e-04, 8.294872999999999e-03, 1.197111998653303e+00, -2.227766301998297e+00, -3.719854401604600e+01, 2.637203232400186e+05, 1.052561218278386e+05, 3.062971288766659e+02, 8.872546508678660e-02, 3.464031782311724e-01
102, -4.919023000000000e-04, 1.015199000000000e-02, 1.205044708868797e+00, -1.377426058530951e+00, -2.084908275247824e+01, 2.660852703081642e+05, 1.063616491429551e+05, 3.074767256826937e+02, 4.932584820867784e-02, 4.438201987024660e-01
103, 7.919718999999999e-05, 1.213730000000000e-02, 1.219749124905231e+00, 3.260305589067168e+00, 2.168433781792523e+00, 2.687996126193563e+05, 1.075173311377446e+05, 3.070706481043713e+02, 9.138114788719348e-03, 5.456567567009075e-01
104, 8.733569000000000e-04, 1.424666000000000e-02, 1.221763659743353e+00, 8.959701182349058e+00, 1.514474451421885e+01, 2.695438296907131e+05, 1.077668445720413e+05, 3.072757651981177e+02, 4.098528864882309e-02, 5.676434186353394e-01
105, 1.909861000000000e-03, 1.647566000000000e-02, 1.223398914290917e+00, 1.940225452397100e+01, 3.290767867302895e+01, 2.702478958211658e+05, 1.078605831950061e+05, 3.071319652716345e+02, 8.887962017141832e-02, 5.759034925633628e-01
106, 3.202119000000000e-03, 1.882347000000000e-02, 1.223282354799910e+00, 2.659083022332578e+01, 4.083146258990136e+01, 2.700540759897650e+05, 1.076334484557545e+05, 3.065144045028249e+02, 1.134919400785061e-01, 5.558887998091834e-01
107, 4.762025000000000e-03, 2.129228000000000e-02, 1.224817677158423e+00, 3.798360532420953e+01, 5.344216432710249e+01, 2.700707689214229e+05, 1.073263550606067e+05, 3.052567527875401e+02, 1.528345910193576e-01, 5.288282983157714e-01
108, 6.608983000000000e-03, 2.388176000000000e-02, 1.223098745942062e+00, 4.585195219258249e+01, 5.851537498241696e+01, 2.693940126082184e+05, 1.068539248379827e+05, 3.043401870685063e+02, 1.737933399752947e-01, 4.871986216543909e-01
109, 8.759711999999999e-03, 2.659518000000000e-02, 1.219587059656942e+00, 5.653333336270589e+01, 6.556126198509561e+01, 2.685470431706373e+05, 1.061898280304902e+05, 3.033195863992140e+02, 2.033075774561177e-01, 4.286796403449133e-01
110, 1.123143000000000e-02, 2.943770000000000e-02, 1.216673680708229e+00, 6.235692329367541e+01, 6.720402536423649e+01, 2.675413918574822e+05, 1.056349591887632e+05, 3.024571814670100e+02, 2.161264538738726e-01, 3.797856251774005e-01
111, 1.404779000000000e-02, 3.241111000000000e-02, 1.213299743157230e+00, 7.397587612393563e+01, 7.346884200664684e+01, 2.664888887471220e+05, 1.048037310044637e+05, 3.009116370710460e+02, 2.471043251159419e-01, 3.065393363349607e-01
112, 1.723051000000000e-02, 3.552085000000000e-02, 1.209738219044183e+00, 7.995389986784595e+01, 7.419644042985058e+01, 2.653802604012665e+05, 1.041851103614782e+05, 3.000161267510964e+02, 2.596687286834914e-01, 2.520276304569961e-01
113, 2.080460000000000e-02, 3.877113000000000e-02, 1.204510896017509e+00, 8.823256416975120e+01, 7.626410148072804e+01, 2.638928211623349e+05, 1.032987514590302e+05, 2.987546576018374e+02, 2.794291243508299e-01, 1.739233247885368e-01
114, 2.479868000000000e-02, 4.216404000000000e-02, 1.200225396802898e+00, 9.217446326310881e+01, 7.541956853985822e+01, 2.625294958299582e+05, 1.026482017884734e+05, 2.979331846085602e+02, 2.867688565031570e-01, 1.165980921075552e-01
115, 2.924068000000000e-02, 4.570409000000000e-02, 1.194234863094130e+00, 1.012719489305299e+02, 7.720221183162349e+01, 2.608032828399168e+05, 1.016055677406483e+05, 2.963862875134031e+02, 3.089632016084509e-01, 2.472310992283887e-02
116, 3.416317000000000e-02, 4.939152000000000e-02, 1.188415591377384e+00, 1.053942242977875e+02, 7.596350018327178e+01, 2.590246457364364e+05, 1.007693711791431e+05, 2.953864387649416e+02, 3.172876162556890e-01, -4.896098312157295e-02
117, 3.959884000000000e-02, 5.322755000000000e-02, 1.181498118592619e+00, 1.105407187673603e+02, 7.499511611856369e+01, 2.569865090289908e+05, 9.977411332617862e+04, 2.941813847272694e+02, 3.288143536870142e-01, -1.366612627173332e-01
118, 4.558273000000000e-02, 5.721082000000000e-02, 1.175343346519200e+00, 1.134437692809020e+02, 7.301296522574654e+01, 2.550638922421200e+05, 9.892852453883697e+04, 2.932156348233376e+02, 3.343744537256392e-01, -2.111729813156951e-01
119, 5.215156000000000e-02, 6.133778000000000e-02, 1.168638122800849e+00, 1.188439840681907e+02, 7.183620052149371e+01, 2.530509659675331e+05, 9.792007778363714e+04, 2.918919013696814e+02, 3.469463997598077e-01, -3.000354425613177e-01
120, 5.934275000000000e-02, 6.560332000000001e-02, 1.162223478896695e+00, 1.218341764352110e+02, 6.968148292787160e+01, 2.511333804668426e+05, 9.706345756348025e+04, 2.909353265012836e+02, 3.531719510911393e-01, -3.755192305981243e-01
121, 6.719515000000000e-02, 6.999866000000000e-02, 1.155627071952346e+00, 1.251986504416817e+02, 6.755015559197939e+01, 2.490643902308178e+05, 9.612328958144330e+04, 2.897618883151210e+02, 3.607394738630221e-01, -4.583650927493479e-01
122, 7.574749000000000e-02, 7.451293000000000e-02, 1.149010787632376e+00, 1.274608991794887e+02, 6.495150093546339e+01, 2.469809400367609e+05, 9.523018521307001e+04, 2.887226586277893e+02, 3.655041048795845e-01, -5.370637963880358e-01
123, 8.503906000000000e-02, 7.913059000000000e-02, 1.141911948359108e+00, 1.301236565822303e+02, 6.217630761221389e+01, 2.447395364961053e+05, 9.425314157789882e+04, 2.875368845121243e+02, 3.715208242264754e-01, -6.231590728297544e-01
124, 9.510789000000000e-02, 8.383330000000000e-02, 1.135186370761461e+00, 1.321182174353991e+02, 5.935940505149757e+01, 2.425765783989643e+05, 9.333454005921127e+04, 2.864214695826954e+02, 3.760721160691236e-01, -7.041045381541652e-01
125, 1.059910000000000e-01, 8.859767000000000e-02, 1.128335802028517e+00, 1.344374828831340e+02, 5.649271663830705e+01, 2.404119064311678e+05, 9.239551873585409e+04, 2.852613182715293e+02, 3.817004280448343e-01, -7.868493588652068e-01
126, 1.177231000000000e-01, 9.339620000000000e-02, 1.121941133233706e+00, 1.362703712939638e+02, 5.330852880358764e+01, 2.383268645509647e+05, 9.151389434724575e+04, 2.841497718409909e+02, 3.859491564131229e-01, -8.645364679385863e-01
127, 1.303356000000000e-01, 9.819635000000000e-02, 1.115785935780458e+00, 1.378189815380300e+02, 4.989435182856035e+01, 2.364353916422687e+05, 9.072332517971288e+04, 2.832490238992884e+02, 3.893487288312367e-01, -9.341999594909524e-01
128, 1.438561000000000e-01, 1.029607000000000e-01, 1.109700672228020e+00, 1.394083764951771e+02, 4.655100032284142e+01, 2.344512580278999e+05, 8.988725675133630e+04, 2.821776567427952e+02, 3.933035530300117e-01, -1.007872761681267e+00
129, 1.583064000000000e-01, 1.076471000000000e-01, 1.104036634137870e+00, 1.412830680359769e+02, 4.329387693708465e+01, 2.325834113281340e+05, 8.907783182178820e+04, 2.810712975442805e+02, 3.982342930483057e-01, -1.079197788076891e+00
130, 1.737025000000000e-01, 1.122081000000000e-01, 1.097323818449738e+00, 1.424298435637470e+02, 3.959220757870256e+01, 2.303638184020622e+05, 8.816241811429037e+04, 2.798846190950865e+02, 4.016893770522026e-01, -1.159862349380497e+00
131, 1.900524000000000e-01, 1.165922000000000e-01, 1.091449051696494e+00, 1.431325428603411e+02, 3.573022894358527e+01, 2.284417659768743e+05, 8.738869173221842e+04, 2.789215790208194e+02, 4.037120741888008e-01, -1.228041685857177e+00
132, 2.073553000000000e-01, 1.207440000000000e-01, 1.085684040287837e+00, 1.440533196186970e+02, 3.189336649003275e+01, 2.265017713335201e+05, 8.659060155726371e+04, 2.778418412570931e+02, 4.066900855129384e-01, -1.298367914660771e+00
133, 2.256005000000000e-01, 1.246049000000000e-01, 1.081569584796449e+00, 1.452868840451459e+02, 2.808591001091922e+01, 2.249802998290794e+05, 8.594298664894795e+04, 2.768128976369492e+02, 4.102010800531111e-01, -1.355434541525858e+00
134, 2.447667000000000e-01, 1.281142000000000e-01, 1.077126675218243e+00, 1.459435413822823e+02, 2.401339470816860e+01, 2.233977387766202e+05, 8.529714794219147e+04, 2.758659340554594e+02, 4.124021169425340e-01, -1.412344652797622e+00
135, 2.648203000000000e-01, 1.312102000000000e-01, 1.074029932436834e+00, 1.460714109101739e+02, 1.983698232867243e+01, 2.222221618290589e+05, 8.484235498419154e+04, 2.751862151631274e+02, 4.127194369372789e-01, -1.452420166350187e+00
136, 2.857159000000000e-01, 1.338329000000000e-01, 1.070882004475704e+00, 1.465933019219285e+02, 1.562639295862349e+01, 2.210586045805926e+05, 8.436439886869190e+04, 2.744403351780219e+02, 4.145273597530518e-01, -1.494536774462311e+00
137, 3.073953000000000e-01, 1.359234000000000e-01, 1.069590592366606e+00, 1.476126696126472e+02, 1.144933880200963e+01, 2.204233609406957e+05, 8.407046995729642e+04, 2.738143759994683e+02, 4.172838273183940e-01, -1.520437246017375e+00
138, 3.297879000000000e-01, 1.374266000000000e-01, 1.067471665835884e+00, 1.477115904816962e+02, 6.915253898519121e+00, 2.195678892049249e+05, 8.373027228938066e+04, 2.732476858471701e+02, 4.180291182725327e-01, -1.550414834744927e+00
139, 3.528108000000000e-01, 1.383009000000000e-01, 1.067860642045952e+00, 1.476156482401096e+02, 2.532501591133257e+00, 2.195528136694065e+05, 8.373879631142331e+04, 2.731759607343951e+02, 4.172646915279621e-01, -1.549663713702080e+00
140, 3.763708000000000e-01, 1.384919000000000e-01, 1.067570858696103e+00, 1.474305143667019e+02, -2.115351695705156e+00, 2.193032056903224e+05, 8.364844137715954e+04, 2.729552727139425e+02, 4.170045372190727e-01, -1.557625623245608e+00
141, 4.003644000000000e-01, 1.379732000000000e-01, 1.072139762152705e+00, 1.474043367042298e+02, -5.988534724630621e+00, 2.204674629733243e+05, 8.412708520321910e+04, 2.733472974111914e+02, 4.151554378962005e-01, -1.515448415352023e+00
142, 4.246879000000000e-01, 1.368803000000000e-01, 1.077692756099987e+00, 1.475515126264887e+02, -9.334037936488436e+00, 2.219733221455077e+05, 8.473277878512513e+04, 2.738967195870370e+02, 4.134982542275874e-01, -1.462075818165985e+00
143, 4.492400000000000e-01, 1.353285000000000e-01, 1.087138353641862e+00, 1.471381338356452e+02, -1.161112202595968e+01, 2.244666244612745e+05, 8.577898166934098e+04, 2.748694122518964e+02, 4.084852845303150e-01, -1.369886356725091e+00
144, 4.739164000000000e-01, 1.333618000000000e-01, 1.093481483642521e+00, 1.476455316521777e+02, -1.431646432701785e+01, 2.262749014104246e+05, 8.648535392988418e+04, 2.755252968680141e+02, 4.076725033432975e-01, -1.307642140752513e+00
145, 4.986081000000000e-01, 1.309826000000000e-01, 1.101164034487963e+00, 1.483112136090160e+02, -1.665582198345620e+01, 2.284947346214340e+05, 8.735242345714713e+04, 2.763460652782160e+02, 4.066942372825963e-01, -1.231237579117133e+00
146, 5.232075000000000e-01, 1.282141000000000e-01, 1.106869299871764e+00, 1.485229485561971e+02, -1.931097308850239e+01, 2.301466604014983e+05, 8.800543403992460e+04, 2.769768631820659e+02, 4.055709783494311e-01, -1.173695495406877e+00
147, 5.476085000000001e-01, 1.250827000000000e-01, 1.113331650401914e+00, 1.482473688637536e+02, -2.129026210547762e+01, 2.322530719368020e+05, 8.887178119233178e+04, 2.780799484130309e+02, 4.024035443983235e-01, -1.097354588106537e+00
148, 5.717090000000000e-01, 1.216186000000000e-01, 1.118896710592729e+00, 1.484467935231419e+02, -2.373204197058622e+01, 2.339158096670792e+05, 8.952669087668300e+04, 2.787358825652415e+02, 4.014354054366086e-01, -1.039645159081192e+00
149, 5.954121000000000e-01, 1.178566000000000e-01, 1.125911818021723e+00, 1.485908449871851e+02, -2.581852413834651e+01, 2.360232257497129e+05, 9.036886101606190e+04, 2.796048988242672e+02, 3.995998670643893e-01, -9.654346854127542e-01
150, 6.186277000000000e-01, 1.138341000000000e-01, 1.132255216111712e+00, 1.487753699548118e+02, -2.809359342546311e+01, 2.379008286488897e+05, 9.111118063727611e+04, 2.803223269501419e+02, 3.983979765245950e-01, -9.000228545631008e-01
151, 6.412738000000000e-01, 1.095909000000000e-01, 1.138614587563210e+00, 1.485948443989575e+02, -2.992366878679567e+01, 2.398560865527841e+05, 9.190667853884109e+04, 2.811905187544947e+02, 3.960134202506573e-01, -8.299250520918284e-01
152, 6.632772000000000e-01, 1.051678000000000e-01, 1.145246414570281e+00, 1.488256546324156e+02, -3.213131861559179e+01, 2.418421518159847e+05, 9.268856215626618e+04, 2.819405545752245e+02, 3.949518744154259e-01, -7.610269151363906e-01
153, 6.845747000000000e-01, 1.006058000000000e-01, 1.152644602415572e+00, 1.488450421638231e+02, -3.384720962859080e+01, 2.440715076240857e+05, 9.358564303792524e+04, 2.828421652027537e+02, 3.927951283885723e-01, -6.819778085082265e-01
154, 7.051127000000000e-01, 9.594548000000000e-02, 1.159010098515627e+00, 1.490119598250367e+02, -3.580763648745641e+01, 2.459588430903233e+05, 9.433063881327755e+04, 2.835279650203727e+02, 3.917215426827741e-01, -6.163301599099832e-01
155, 7.248480000000000e-01, 9.122588000000000e-02, 1.164103249846505e+00, 1.481549140140813e+02, -3.713255444721472e+01, 2.475838791764502e+05, 9.502553860999094e+04, 2.843669916282882e+02, 3.881194242096082e-01, -5.550968762124231e-01
156, 7.437476000000000e-01, 8.648417000000000e-02, 1.170709757611484e+00, 1.483929263167315e+02, -3.912744840033505e+01, 2.495832317317857e+05, 9.580985005101045e+04, 2.850960942718002e+02, 3.872708522833861e-01, -4.859848039361981e-01
157, 7.617878000000000e-01, 8.175499000000000e-02, 1.178210775074875e+00, 1.485072915476349e+02, -4.062156662341486e+01, 2.518806537430816e+05, 9.672844371874587e+04, 2.859970513377816e+02, 3.854455505677399e-01, -4.050400304231550e-01
158, 7.789545000000000e-01, 7.706999000000000e-02, 1.185685780281442e+00, 1.486788912163064e+02, -4.239796115932552e+01, 2.540836394613162e+05, 9.760152756183929e+04, 2.867591924494826e+02, 3.841042149879236e-01, -3.281054984104110e-01
159, 7.952418000000000e-01, 7.245760000000000e-02, 1.192386380440379e+00, 1.478466773440518e+02, -4.329856316453982e+01, 2.561394887390710e+05, 9.847497082954581e+04, 2.876995610681998e+02, 3.799658615863737e-01, -2.511392945661228e-01
160, 8.106519000000000e-01, 6.794282000000000e-02, 1.200825985693903e+00, 1.482916934213164e+02, -4.497487674205322e+01, 2.586754525023999e+05, 9.947073958949705e+04, 2.885663026434689e+02, 3.789422071735339e-01, -1.633939947924770e-01
161, 8.251938000000000e-01, 6.354717000000000e-02, 1.208893069340087e+00, 1.482699682608080e+02, -4.599846875242402e+01, 2.610896224630662e+05, 1.004487564578809e+05, 2.894589765090776e+02, 3.765102980211256e-01, -7.721295884169993e-02
162, 8.388823000000000e-01, 5.928865000000000e-02, 1.216542187747955e+00, 1.486810738665935e+02, -4.723207687019682e+01, 2.633653665535531e+05, 1.013451459069869e+05, 2.902058237166643e+02, 3.754947096953267e-01, 1.775220029859529e-03
163, 8.517377000000000e-01, 5.518194000000000e-02, 1.219347951328587e+00, 1.472356028855208e+02, -4.787754111601868e+01, 2.642395065202704e+05, 1.017640976875789e+05, 2.907349740919263e+02, 3.714617917688714e-01, 3.869247537793426e-02
164, 8.637844000000000e-01, 5.123850000000000e-02, 1.226709399419950e+00, 1.476794239407236e+02, -4.885968458648205e+01, 2.664568686187114e+05, 1.026378064460060e+05, 2.914714450704885e+02, 3.704994432284439e-01, 1.156820737730427e-01
165, 8.750504000000000e-01, 4.746682000000000e-02, 1.230361993330489e+00, 1.471476563458415e+02, -4.954439720370550e+01, 2.675633175529155e+05, 1.031066298908856e+05, 2.919335645848828e+02, 3.684245297086474e-01, 1.569939278564037e-01
166, 8.855663000000000e-01, 4.387263000000000e-02, 1.235658006222928e+00, 1.474493052184684e+02, -5.022164226472955e+01, 2.691267238563151e+05, 1.037234684442963e+05, 2.924213573797867e+02, 3.677266836103809e-01, 2.113485993000201e-01
167, 8.953648000000000e-01, 4.045922000000000e-02, 1.233946910152345e+00, 1.457032171539411e+02, -5.077270679212914e+01, 2.686379700350973e+05, 1.035964652362382e+05, 2.924683047463416e+02, 3.647290076387051e-01, 2.001573117125086e-01
168, 9.044797999999999e-01, 3.722772000000000e-02, 1.237508687758884e+00, 1.459309989378395e+02, -5.105121376726244e+01, 2.697196165909241e+05, 1.040249108663763e+05, 2.928326118695949e+02, 3.641757738102288e-01, 2.379111475076930e-01
169, 9.129461000000000e-01, 3.417734000000000e-02, 1.236451302577668e+00, 1.450854405250187e+02, -5.159519814388443e+01, 2.694272815723497e+05, 1.039354442244159e+05, 2.928309695806055e+02, 3.630348776610158e-01, 2.300275126375474e-01
170, 9.207988000000000e-01, 3.130570000000000e-02, 1.238435123111561e+00, 1.450699997791918e+02, -5.196658753433033e+01, 2.699687372526327e+05, 1.041526826266343e+05, 2.929729642639468e+02, 3.626250556983202e-01, 2.491701584923221e-01
171, 9.280729000000000e-01, 2.860907000000000e-02, 1.233608768664183e+00, 1.433993991535009e+02, -5.246822542941182e+01, 2.687213708544030e+05, 1.037083705496489e+05, 2.928644845419170e+02, 3.608030433609756e-01, 2.100182007726952e-01
172, 9.348030000000001e-01, 2.608260000000000e-02, 1.236068195482822e+00, 1.433897626325643e+02, -5.268703478751181e+01, 2.694712136141519e+05, 1.040125533817493e+05, 2.931390467240646e+02, 3.600726967387806e-01, 2.368222288383647e-01
173, 9.410227000000000e-01, 2.372060000000000e-02, 1.235367536654815e+00, 1.427461189204908e+02, -5.320589939942632e+01, 2.693063100917210e+05, 1.039653713660578e+05, 2.931722566060747e+02, 3.592576718436636e-01, 2.326646369583207e-01
174, 9.467650000000000e-01, 2.151668000000000e-02, 1.236477454314480e+00, 1.426939951299584e+02, -5.360160800431116e+01, 2.695714799411579e+05, 1.040703821448608e+05, 2.932049464234565e+02, 3.591268877359447e-01, 2.419179923919527e-01
175, 9.520613999999999e-01, 1.946399000000000e-02, 1.232501240597992e+00, 1.413340233777176e+02, -5.407365136719095e+01, 2.685648607079923e+05, 1.037100428005820e+05, 2.931323797020788e+02, 3.577195479226445e-01, 2.101655564292789e-01
176, 9.569424000000000e-01, 1.755534000000000e-02, 1.233828086560158e+00, 1.410205949895633e+02, -5.413292610090985e+01, 2.689262283959213e+05, 1.038718915051150e+05, 2.932741152594422e+02, 3.566076358729479e-01, 2.244273646606592e-01
177, 9.614369000000000e-01, 1.578334000000000e-02, 1.232669419455017e+00, 1.401306553463371e+02, -5.427081285371360e+01, 2.686394089346846e+05, 1.037918580142501e+05, 2.933236022311619e+02, 3.550679530782727e-01, 2.173749616025269e-01
178, 9.655726000000000e-01, 1.414051000000000e-02, 1.233061202799570e+00, 1.399739922215964e+02, -5.448737144644744e+01, 2.686552634344607e+05, 1.038026613665654e+05, 2.932609252409142e+02, 3.548332371648806e-01, 2.183269330095357e-01
179, 9.693754000000000e-01, 1.261942000000000e-02, 1.231284788464847e+00, 1.386147257738255e+02, -5.449887282239464e+01, 2.682734657882329e+05, 1.037059682355614e+05, 2.934104528900564e+02, 3.522706296564281e-01, 2.098065133024396e-01
180, 9.728701000000000e-01, 1.121273000000000e-02, 1.229944973224488e+00, 1.376683759154746e+02, -5.417898327820908e+01, 2.677053214731436e+05, 1.035229540842579e+05, 2.932117160884333e+02, 3.504106499219541e-01, 1.936796450828185e-01
181, 9.760798000000001e-01, 9.913261000000000e-03, 1.226375772527805e+00, 1.365445823211925e+02, -5.405956937589250e+01, 2.667307520767067e+05, 1.031751308921536e+05, 2.930770500494245e+02, 3.489234406933535e-01, 1.630301092800379e-01
182, 9.790261000000000e-01, 8.714048000000000e-03, 1.225263597076955e+00, 1.363053239337931e+02, -5.398820335894111e+01, 2.662646630810572e+05, 1.029974173382882e+05, 2.928378094663589e+02, 3.487910499862025e-01, 1.473703198942720e-01
183, 9.817295000000000e-01, 7.608374000000000e-03, 1.223778552053800e+00, 1.357447533843333e+02, -5.452337077086571e+01, 2.659287768262664e+05, 1.028742381241715e+05, 2.928425228864867e+02, 3.484435353131043e-01, 1.365159955739567e-01
184, 9.842088000000000e-01, 6.589804000000000e-03, 1.222461314595652e+00, 1.345537766340155e+02, -5.435498308710741e+01, 2.653811370187105e+05, 1.027070806690245e+05, 2.926817248844547e+02, 3.461297961076344e-01, 1.217863900659571e-01
185, 9.864818000000000e-01, 5.652222000000000e-03, 1.220474764595343e+00, 1.328252670730622e+02, -5.413331634896175e+01, 2.647591197944928e+05, 1.025323422408972e+05, 2.926593608008088e+02, 3.426806728982093e-01, 1.063887632527187e-01
186, 9.885648000000000e-01, 4.789825000000000e-03, 1.220354593064563e+00, 1.321846517718785e+02, -5.399727973906192e+01, 2.644606328056350e+05, 1.024428491566948e+05, 2.924327133431382e+02, 3.413065727696101e-01, 9.850279834116010e-02
187, 9.904730000000000e-01, 3.997031000000000e-03, 1.220927582586862e+00, 1.315124277207360e+02, -5.414577173349994e+01, 2.646279710826275e+05, 1.025377596056407e+05, 2.925662763262729e+02, 3.397174812490280e-01, 1.068661314053730e-01
188, 9.922207000000000e-01, 3.268632000000000e-03, 1.219948106305138e+00, 1.300529207088538e+02, -5.387264592614974e+01, 2.642261551734718e+05, 1.024417953332265e+05, 2.925271426951122e+02, 3.365386704244508e-01, 9.840993736795772e-02
189, 9.938207999999999e-01, 2.599772000000000e-03, 1.219789737921729e+00, 1.287639817020029e+02, -5.370406703641781e+01, 2.642657133085069e+05, 1.025148681151929e+05, 2.927738119316615e+02, 3.334412665279369e-01, 1.048489756435185e-01
190, 9.952854000000000e-01, 1.985918000000000e-03, 1.218340911037130e+00, 1.261525982161343e+02, -5.355136688523480e+01, 2.634587770733444e+05, 1.023002642992726e+05, 2.925083535264138e+02, 3.280852698491991e-01, 8.593848465621229e-02
191, 9.966258000000000e-01, 1.422834000000000e-03, 1.224514077865320e+00, 1.234911131495628e+02, -5.262504491091362e+01, 2.649843512995076e+05, 1.030506219873960e+05, 2.931684158412853e+02, 3.193739960858531e-01, 1.520586150819467e-01
192, 9.978521000000000e-01, 9.065671000000000e-04, 1.228426011781223e+00, 1.206606003760932e+02, -5.211452393701342e+01, 2.657383793444100e+05, 1.034828251512825e+05, 2.934604762688753e+02, 3.115553147589182e-01, 1.901435577951486e-01
193, 9.989739000000000e-01, 4.334323000000000e-04, 1.236957347892469e+00, 1.113660878368165e+02, -4.800250111650200e+01, 2.673932110580895e+05, 1.045794100917442e+05, 2.945247583093113e+02, 2.849655364356799e-01, 2.867725927658660e-01
194, 1.000000000000000e+00, -3.218209000000000e-17, 1.210445439790249e+00, 6.269042344435469e+01, -7.687607175037542e+00, 2.647716256755590e+05, 1.052495229168418e+05, 3.029041772583145e+02, 1.495531565294812e-01, 3.458216944099408e-01
195, 9.989532000000000e-01, 1.271622000000000e-04, 1.289460273670058e+00, 1.443642868521781e+02, -2.036041202080632e+01, 2.812428573999795e+05, 1.092003227120136e+05, 2.950164959565465e+02, 3.283648471223350e-01, 6.939588586949310e-01
196, 9.978089999999999e-01, 2.658917000000000e-04, 1.281175634174063e+00, 1.594423816886510e+02, -1.930173958228773e+01, 2.800942256542837e+05, 1.080110089010301e+05, 2.936903639907092e+02, 3.648888604485601e-01, 5.891587273122292e-01
197, 9.965584000000000e-01, 4.171588000000000e-04, 1.279086145181193e+00, 1.618944634800341e+02, -1.896170184959830e+01, 2.800602322609887e+05, 1.078696638156874e+05, 2.937851744181182e+02, 3.708745197484962e-01, 5.767036600478818e-01
198, 9.951920000000000e-01, 5.820019000000000e-04, 1.272921935979988e+00, 1.633274067553557e+02, -1.876151565937738e+01, 2.784449990201332e+05, 1.071314177080472e+05, 2.931874841256336e+02, 3.762550264436502e-01, 5.116507796735399e-01
199, 9.936994000000000e-01, 7.615320000000000e-04, 1.271629378952970e+00, 1.645336156309274e+02, -1.914627403539398e+01, 2.783123049693218e+05, 1.070095308940413e+05, 2.931515889343314e+02, 3.795070382934408e-01, 5.009103392585155e-01
200, 9.920692000000000e-01, 9.569360000000000e-04, 1.267213945930856e+00, 1.646589802125060e+02, -1.910835867478616e+01, 2.770241738405894e+05, 1.064729576141329e+05, 2.926979762239552e+02, 3.814008110462080e-01, 4.536284951299656e-01
201, 9.902894000000000e-01, 1.169481000000000e-03, 1.264657375868232e+00, 1.660403599673955e+02, -1.908491588070728e+01, 2.764417581282253e+05, 1.061591217489328e+05, 2.924251901416543e+02, 3.855090797122916e-01, 4.259738596571170e-01
202, 9.883469000000000e-01, 1.400516000000000e-03, 1.261640140038513e+00, 1.665516217832332e+02, -1.909451321545085e+01, 2.756685792514085e+05, 1.058122717446187e+05, 2.921668148377026e+02, 3.877792940744231e-01, 3.954100793608489e-01
203, 9.862274000000000e-01, 1.651475000000000e-03, 1.260544365581346e+00, 1.672233179300040e+02, -1.908143402394296e+01, 2.754411588968943e+05, 1.056819388189061e+05, 2.920606059584885e+02, 3.897287871113821e-01, 3.839253832175574e-01
204, 9.839156999999999e-01, 1.923867000000000e-03, 1.258362869397713e+00, 1.669690969380782e+02, -1.918490864076249e+01, 2.747793305665840e+05, 1.054222895167749e+05, 2.918481159719608e+02, 3.899877624343365e-01, 3.610455673729281e-01
205, 9.813954000000000e-01, 2.219274000000000e-03, 1.255276863333593e+00, 1.669723949650577e+02, -1.889102813826196e+01, 2.738824516937423e+05, 1.050541083650573e+05, 2.915438349726950e+02, 3.910806221009836e-01, 3.286021258553866e-01
206, 9.786489000000000e-01, 2.539329000000000e-03, 1.253331717211853e+00, 1.668370548878356e+02, -1.888456454123698e+01, 2.732943681882139e+05, 1.048191409966106e+05, 2.913432170114776e+02, 3.915071327178750e-01, 3.078972363161817e-01
207, 9.756574000000000e-01, 2.885695000000000e-03, 1.251747722255445e+00, 1.681717057803496e+02, -1.882914780778143e+01, 2.730133815500559e+05, 1.046299483395749e+05, 2.911853669258717e+02, 3.951916100948340e-01, 2.912259296090082e-01
208, 9.724007000000000e-01, 3.260067000000000e-03, 1.250916855446462e+00, 1.681441605942811e+02, -1.886945902816998e+01, 2.727780840649394e+05, 1.045340284981811e+05, 2.911116516425246e+02, 3.954506816847808e-01, 2.827736507508672e-01
209, 9.688573000000000e-01, 3.664212000000000e-03, 1.248788159130732e+00, 1.679675219858328e+02, -1.860879277669466e+01, 2.721600609175235e+05, 1.042900899647890e+05, 2.909273929991040e+02, 3.957714200600702e-01, 2.612782387639709e-01
210, 9.650045000000000e-01, 4.099898000000000e-03, 1.247940201556076e+00, 1.677952066674774e+02, -1.861119206201648e+01, 2.718683348402669e+05, 1.041795497081427e+05, 2.908165016431690e+02, 3.957150215742631e-01, 2.515376359788770e-01
211, 9.608179000000000e-01, 4.568839000000000e-03, 1.245723527190776e+00, 1.681095596583910e+02, -1.828754009134343e+01, 2.712707440312155e+05, 1.039173498545008e+05, 2.906007569294778e+02, 3.972172756288353e-01, 2.284330702566696e-01
212, 9.562720000000000e-01, 5.072706000000000e-03, 1.245523392036996e+00, 1.681477786733876e+02, -1.824652971842683e+01, 2.712210412164021e+05, 1.038949080061179e+05, 2.905846838734268e+02, 3.973709495624201e-01, 2.264555361212037e-01
213, 9.513400000000000e-01, 5.613080000000000e-03, 1.244173333125669e+00, 1.680881888419885e+02, -1.800866355832679e+01, 2.708147762976114e+05, 1.037320246945442e+05, 2.904439345473342e+02, 3.976991433523184e-01, 2.121025602326474e-01
214, 9.459937000000000e-01, 6.191406000000000e-03, 1.244292759186441e+00, 1.679955493680911e+02, -1.791064275746718e+01, 2.708252701185701e+05, 1.037422334462554e+05, 2.904446392058202e+02, 3.974193026955651e-01, 2.130021365351427e-01
215, 9.402037000000000e-01, 6.808937000000000e-03, 1.242851656021101e+00, 1.681267508297902e+02, -1.753263904901819e+01, 2.704108325556953e+05, 1.035661981381708e+05, 2.902880003800936e+02, 3.982014351203558e-01, 1.974902310608396e-01
216, 9.339396000000000e-01, 7.466675000000000e-03, 1.243402556106503e+00, 1.682047353227737e+02, -1.736870850431118e+01, 2.705702841089264e+05, 1.036287174336012e+05, 2.903345448944632e+02, 3.981358949557423e-01, 2.029993156393144e-01
217, 9.271701000000000e-01, 8.165298000000000e-03, 1.243240556774679e+00, 1.681018157084354e+02, -1.704070501792513e+01, 2.704875789051860e+05, 1.036024197917435e+05, 2.902986894858570e+02, 3.978926364681602e-01, 2.006820161206420e-01
218, 9.198631000000000e-01, 8.905079999999999e-03, 1.243635847923433e+00, 1.680959832738357e+02, -1.674863439663939e+01, 2.705800290396996e+05, 1.036427620546679e+05, 2.903194226228418e+02, 3.976695452917644e-01, 2.042369016485077e-01
219, 9.119861000000000e-01, 9.685806000000000e-03, 1.243098609640932e+00, 1.680216693142151e+02, -1.628058848341409e+01, 2.703947284296983e+05, 1.035731643519154e+05, 2.902498537241333e+02, 3.976070744800110e-01, 1.981040809202520e-01
220, 9.035064000000000e-01, 1.050669000000000e-02, 1.244012998239379e+00, 1.681832884483599e+02, -1.598747979491291e+01, 2.706669783404073e+05, 1.036782190199748e+05, 2.903306961459130e+02, 3.975722013528042e-01, 2.073613037939080e-01
221, 8.943915000000000e-01, 1.136623000000000e-02, 1.244118715823144e+00, 1.682698693313183e+02, -1.559307184781533e+01, 2.706748119641587e+05, 1.036790617994837e+05, 2.903083854623022e+02, 3.976698090758056e-01, 2.074355679640900e-01
222, 8.846095000000000e-01, 1.226215000000000e-02, 1.244945868246317e+00, 1.684172472174223e+02, -1.523368247755542e+01, 2.709164869666573e+05, 1.037725903449431e+05, 2.903772144023147e+02, 3.976265370390225e-01, 2.156771302512342e-01
223, 8.741298000000000e-01, 1.319125000000000e-02, 1.244180362161744e+00, 1.683096921924316e+02, -1.461992256660165e+01, 2.706582251215335e+05, 1.036752262132104e+05, 2.902832619658984e+02, 3.975559103670292e-01, 2.070975832020707e-01
224, 8.629234000000000e-01, 1.414933000000000e-02, 1.245172486495962e+00, 1.685070411729386e+02, -1.414568719733774e+01, 2.709463258525060e+05, 1.037856367939225e+05, 2.903608665061925e+02, 3.975534685684106e-01, 2.168267591838952e-01
225, 8.509635000000000e-01, 1.513110000000000e-02, 1.245532930293058e+00, 1.686269502017837e+02, -1.358538448064333e+01, 2.710293681653034e+05, 1.038161865531488e+05, 2.903622834688326e+02, 3.976103697310370e-01, 2.195187474136279e-01
226, 8.382266000000000e-01, 1.613007000000000e-02, 1.246569923596224e+00, 1.687986858015958e+02, -1.305094288147643e+01, 2.713214382704938e+05, 1.039298243042023e+05, 2.904383053631412e+02, 3.975308484423137e-01, 2.295322956718413e-01
227, 8.246926000000000e-01, 1.713854000000000e-02, 1.246799595113022e+00, 1.686862578225520e+02, -1.227121149694989e+01, 2.713370874986491e+05, 1.039461847750126e+05, 2.904305159804174e+02, 3.970627852244132e-01, 2.309739500733649e-01
228, 8.103462000000000e-01, 1.814751000000000e-02, 1.248084497947312e+00, 1.689157578453548e+02, -1.152081633057444e+01, 2.717056440023626e+05, 1.040887765498562e+05, 2.905295157468502e+02, 3.969995339778469e-01, 2.435388733086772e-01
229, 7.951771000000000e-01, 1.914677000000000e-02, 1.249366277687973e+00, 1.691216554548782e+02, -1.084989019357198e+01, 2.720658139988426e+05, 1.042288180512848e+05, 2.906219274334529e+02, 3.969065841566589e-01, 2.558790711716898e-01
230, 7.791814000000000e-01, 2.012491000000000e-02, 1.250479336323187e+00, 1.693353862743939e+02, -1.004842024067813e+01, 2.723832139901677e+05, 1.043509794310343e+05, 2.907035634553802e+02, 3.968811502361907e-01, 2.666437058117707e-01
231, 7.623619000000000e-01, 2.106947000000000e-02, 1.250930587833386e+00, 1.692174871007805e+02, -9.160103683126227e+00, 2.724681360594589e+05, 1.043957182155389e+05, 2.907232866505747e+02, 3.963315518893846e-01, 2.705860046825042e-01
232, 7.447290000000000e-01, 2.196712000000000e-02, 1.251715727598753e+00, 1.693725469081123e+02, -8.161045565622000e+00, 2.726855980376236e+05, 1.044799592716273e+05, 2.907753792485889e+02, 3.962900919966876e-01, 2.780091705991420e-01
233, 7.263014000000000e-01, 2.280392000000000e-02, 1.252976011893506e+00, 1.695848660809899e+02, -7.309773131703740e+00, 2.730421483689285e+05, 1.046178152615792e+05, 2.908661852683791e+02, 3.962341904920857e-01, 2.901567852366154e-01
234, 7.071062000000000e-01, 2.356573000000000e-02, 1.253511463625899e+00, 1.697318893426389e+02, -6.242181822587107e+00, 2.731929372591298e+05, 1.046744441060758e+05, 2.908993149033137e+02, 3.962857356679738e-01, 2.951468141831294e-01
235, 6.871800000000000e-01, 2.423855000000000e-02, 1.254462153176142e+00, 1.696732642111126e+02, -5.299138974808117e+00, 2.734328318946737e+05, 1.047787976655006e+05, 2.909686456900050e+02, 3.957269363824132e-01, 3.043422566617893e-01
236, 6.665682000000001e-01, 2.480900000000000e-02, 1.254554706671522e+00, 1.697149048285928e+02, -4.176016769892073e+00, 2.734502578032549e+05, 1.047855505069317e+05, 2.909659308980483e+02, 3.957235525566821e-01, 3.049373045479249e-01
237, 6.453257999999999e-01, 2.526491000000000e-02, 1.255261250665746e+00, 1.698086356617412e+02, -3.175097311836717e+00, 2.736462752368069e+05, 1.048626454533275e+05, 2.910161108906652e+02, 3.956345348518451e-01, 3.117307685072315e-01
238, 6.235161000000000e-01, 2.559576000000000e-02, 1.254750045113250e+00, 1.697688568956826e+02, -2.024914966396882e+00, 2.734888317617688e+05, 1.048009020586196e+05, 2.909632547379623e+02, 3.956979282372873e-01, 3.062900548640826e-01
239, 6.012113000000000e-01, 2.579321000000000e-02, 1.254789865548775e+00, 1.695497858600431e+02, -9.903440825575123e-01, 2.734684552591229e+05, 1.048052426624742e+05, 2.909660717163286e+02, 3.951514965118669e-01, 3.066725408404866e-01
240, 5.784908000000000e-01, 2.585159000000000e-02, 1.254007617514496e+00, 1.694457930899949e+02, 1.279033816627553e-01, 2.732361320509749e+05, 1.047152313301599e+05, 2.908975256180296e+02, 3.951954003294879e-01, 2.987409088646800e-01
241, 5.554405000000000e-01, 2.576833000000000e-02, 1.253539383491139e+00, 1.694156218498315e+02, 1.114570942829296e+00, 2.730985075871013e+05, 1.046599066786569e+05, 2.908524358876119e+02, 3.953117030437331e-01, 2.938658029904557e-01
242, 5.321515999999999e-01, 2.554414000000000e-02, 1.252400315531282e+00, 1.692815204385240e+02, 2.134140964786843e+00, 2.727686067350385e+05, 1.045305055335552e+05, 2.907570324622108e+02, 3.954457695421783e-01, 2.824632136296899e-01
243, 5.087190000000000e-01, 2.518342000000000e-02, 1.251700237111488e+00, 1.692583096438926e+02, 3.045249821079993e+00, 2.725794354499524e+05, 1.044527786536857e+05, 2.907033311690613e+02, 3.956818186554902e-01, 2.756140648625120e-01
244, 4.852401000000000e-01, 2.469479000000000e-02, 1.250830844982582e+00, 1.691374103165085e+02, 3.945576656085473e+00, 2.723313269210811e+05, 1.043558877701343e+05, 2.906355398302159e+02, 3.957637605861699e-01, 2.670762195670152e-01
245, 4.618127000000000e-01, 2.408723000000000e-02, 1.250921526983909e+00, 1.692344208556524e+02, 4.756667000002633e+00, 2.723838338525643e+05, 1.043708455841870e+05, 2.906561261544915e+02, 3.959966632761693e-01, 2.683942744516435e-01
246, 4.385335000000000e-01, 2.337769000000000e-02, 1.251770460415783e+00, 1.692962581454279e+02, 5.579549985714873e+00, 2.726447035025796e+05, 1.044735977312357e+05, 2.907449614329958e+02, 3.958707835489410e-01, 2.774486034362250e-01
247, 4.154964000000000e-01, 2.259005000000000e-02, 1.254340098265279e+00, 1.688631870291621e+02, 6.282295073357400e+00, 2.733252303266139e+05, 1.047772211501954e+05, 2.909925803288994e+02, 3.939401246361980e-01, 3.042033370515178e-01
248, 3.927941000000000e-01, 2.168047000000000e-02, 1.253982437869510e+00, 1.684521534725872e+02, 7.932440782066206e+00, 2.732126247627682e+05, 1.047492524700761e+05, 2.909978789393604e+02, 3.932532710072637e-01, 3.017387887346346e-01
249, 3.705186000000000e-01, 2.052397000000000e-02, 1.253673517236284e+00, 1.672803063360620e+02, 1.014095419756831e+01, 2.730474336084746e+05, 1.047384544799138e+05, 2.910395797418896e+02, 3.908697523498046e-01, 3.007872898306214e-01
250, 3.487566000000000e-01, 1.904777000000000e-02, 1.250715995940475e+00, 1.664476988954439e+02, 1.292401680947787e+01, 2.722100974631722e+05, 1.044270932408240e+05, 2.908605563571549e+02, 3.904209045075723e-01, 2.733507138296125e-01
251, 3.275794000000000e-01, 1.732402000000000e-02, 1.251311091953925e+00, 1.648132543127527e+02, 1.468342131473992e+01, 2.722508112466316e+05, 1.045242725584570e+05, 2.909927740949037e+02, 3.866817198105003e-01, 2.819139754024368e-01
252, 3.070499000000000e-01, 1.539879000000000e-02, 1.247277436835944e+00, 1.638799663971270e+02, 1.673289208437177e+01, 2.710983774003509e+05, 1.040880122343040e+05, 2.907153705412284e+02, 3.863955114455059e-01, 2.434715232371069e-01
253, 2.872213000000000e-01, 1.331777000000000e-02, 1.244252478954411e+00, 1.629059764747489e+02, 1.834439275284875e+01, 2.702185427361852e+05, 1.037675745590995e+05, 2.905249909827173e+02, 3.855885327437075e-01, 2.152351484878516e-01
254, 2.681361000000000e-01, 1.112912000000000e-02, 1.238519521907971e+00, 1.617750856099666e+02, 1.992791045142050e+01, 2.685468483556744e+05, 1.031284073016180e+05, 2.900719934052842e+02, 3.854581932229089e-01, 1.589129129761053e-01
255, 2.498275000000000e-01, 8.877230999999999e-03, 1.235312198941329e+00, 1.598976661138338e+02, 2.076366626259880e+01, 2.674853533919531e+05, 1.027849392639667e+05, 2.898565366368457e+02, 3.824336789602629e-01, 1.286471453215172e-01
256, 2.323188000000000e-01, 6.603237000000000e-03, 1.228035789882160e+00, 1.586987427680073e+02, 2.169289213564515e+01, 2.653556850197521e+05, 1.019639149182497e+05, 2.892449752499933e+02, 3.825609292693764e-01, 5.629999984576731e-02
257, 2.156249000000000e-01, 4.344508000000000e-03, 1.221946528065895e+00, 1.574441384052363e+02, 2.244573486421595e+01, 2.635528564886358e+05, 1.012814413645347e+05, 2.887407078617750e+02, 3.820678961381083e-01, -3.838306322066115e-03
258, 1.997525000000000e-01, 2.133886000000000e-03, 1.214316053393210e+00, 1.562967217523863e+02, 2.302095206145168e+01, 2.613110149002278e+05, 1.004136755790481e+05, 2.880656491796296e+02, 3.823702090451375e-01, -8.030422094320815e-02
259, 1.847012000000000e-01, -3.233421000000000e-07, 1.209998279939590e+00, 1.545357483431712e+02, 2.287166778425918e+01, 2.598923700458884e+05, 9.992315539107393e+04, 2.876813659617244e+02, 3.797035856745454e-01, -1.235279518633524e-01
260, 1.704638000000000e-01, -2.034415000000000e-03, 1.201796334064638e+00, 1.534671013218867e+02, 2.288361509232239e+01, 2.574770635136785e+05, 9.898418795028659e+04, 2.869229549903904e+02, 3.802139923126882e-01, -2.062680245420859e-01
261, 1.570281000000000e-01, -3.949146000000000e-03, 1.195273139129507e+00, 1.523151512170617e+02, 2.270687110377112e+01, 2.555201620563387e+05, 9.823984927259492e+04, 2.863194643345371e+02, 3.798173224861041e-01, -2.718577709108845e-01
262, 1.443767000000000e-01, -5.729606000000000e-03, 1.187258148001250e+00, 1.512211701070895e+02, 2.246825482507682e+01, 2.531526023513208e+05, 9.732379025873009e+04, 2.855644892031881e+02, 3.801088757273101e-01, -3.525791954169669e-01
263, 1.324885000000000e-01, -7.364510000000000e-03, 1.182575553355156e+00, 1.492625687882862e+02, 2.135764045227922e+01, 2.515743563490848e+05, 9.678466673327843e+04, 2.851070834275500e+02, 3.766779151956928e-01, -4.000857624618072e-01
264, 1.213392000000000e-01, -8.846216000000000e-03, 1.173609300909762e+00, 1.483274388728908e+02, 2.056929863214783e+01, 2.489626968461796e+05, 9.576368346639501e+04, 2.842546940315058e+02, 3.775126805669090e-01, -4.900529179095719e-01
265, 1.109020000000000e-01, -1.016987000000000e-02, 1.165875210552378e+00, 1.473630308813696e+02, 1.956197446007625e+01, 2.466690462839222e+05, 9.487672674139535e+04, 2.834901476792635e+02, 3.777563997536257e-01, -5.682099025946078e-01
266, 1.011484000000000e-01, -1.133372000000000e-02, 1.157159645155746e+00, 1.466093061446640e+02, 1.832660441450437e+01, 2.441504825358155e+05, 9.388713487684725e+04, 2.826462004494073e+02, 3.788477304385794e-01, -6.554109057799115e-01
267, 9.204820000000000e-02, -1.233732000000000e-02, 1.149758030822348e+00, 1.449131670870863e+02, 1.655094316886709e+01, 2.419438348788004e+05, 9.307697102528893e+04, 2.820110563456064e+02, 3.768198394941158e-01, -7.268010446151938e-01
268, 8.357096000000000e-02, -1.318318000000000e-02, 1.139893786422516e+00, 1.440645715165666e+02, 1.474545635276325e+01, 2.390994981655175e+05, 9.196015305721716e+04, 2.810383871474860e+02, 3.780281784843791e-01, -8.252129765238129e-01
269, 7.568560000000001e-02, -1.387393000000000e-02, 1.129585314533567e+00, 1.428574207935303e+02, 1.300079153276771e+01, 2.361050218083375e+05, 9.079867820345212e+04, 2.800211494973911e+02, 3.785563251897511e-01, -9.275599905315184e-01
270, 6.836125999999999e-02, -1.441478000000000e-02, 1.119621847507656e+00, 1.421432757915096e+02, 1.075992633432481e+01, 2.333189709938059e+05, 8.969770444827717e+04, 2.790874512948316e+02, 3.801689910551693e-01, -1.024575759730255e+00
271, 6.156737000000000e-02, -1.481001000000000e-02, 1.109250195432542e+00, 1.410514476408178e+02, 8.427527415422954e+00, 2.305774546388088e+05, 8.863097634150647e+04, 2.783468846052171e+02, 3.808726613741663e-01, -1.118573865786678e+00
272, 5.527418000000000e-02, -1.506632000000000e-02, 1.098772638205962e+00, 1.402385853895858e+02, 5.577834497281198e+00, 2.276545838414553e+05, 8.747638330150647e+04, 2.773405217113050e+02, 3.826021660402532e-01, -1.220314467104924e+00
273, 4.945277000000000e-02, -1.518908000000000e-02, 1.086294526728499e+00, 1.394437410006286e+02, 2.851520894651220e+00, 2.243177348411066e+05, 8.614561808490778e+04, 2.762586882320147e+02, 3.853322889363329e-01, -1.337579034497570e+00
274, 4.407538000000000e-02, -1.518482000000000e-02, 1.075151741006587e+00, 1.388588023410937e+02, -6.329432393173421e-01, 2.214922120038740e+05, 8.501001108515775e+04, 2.754423123290555e+02, 3.881896851385228e-01, -1.437646621095683e+00
275, 3.911556000000000e-02, -1.506032000000000e-02, 1.061167108921783e+00, 1.402573114310442e+02, -4.087296655299828e+00, 2.185218960596836e+05, 8.369797258471967e+04, 2.747650583587860e+02, 3.979206345918981e-01, -1.553261024926891e+00
276, 3.454832000000000e-02, -1.482011000000000e-02, 1.049870470161774e+00, 1.391829394745439e+02, -8.283954883024625e+00, 2.156900900974229e+05, 8.257262402733632e+04, 2.739874755277622e+02, 4.002247635711552e-01, -1.652424656573938e+00
277, 3.035007000000000e-02, -1.447262000000000e-02, 1.035795803228353e+00, 1.395869181856385e+02, -1.277735021192068e+01, 2.126595882378612e+05, 8.127008205811371e+04, 2.733297452118853e+02, 4.083101487784428e-01, -1.767202243654285e+00
278, 2.649917000000000e-02, -1.402146000000000e-02, 1.022862757624625e+00, 1.391878274063941e+02, -1.795728414478275e+01, 2.099782985765401e+05, 8.014022304350979e+04, 2.729376989658893e+02, 4.142742170206781e-01, -1.866763328441913e+00
279, 2.297555000000000e-02, -1.347251000000000e-02, 1.007120643359320e+00, 1.440797718222170e+02, -2.441178080409652e+01, 2.078185182020942e+05, 7.888662126752778e+04, 2.728677456274707e+02, 4.381698450393513e-01, -1.977228396291303e+00
280, 1.976055000000000e-02, -1.283354000000000e-02, 9.955230479028526e-01, 1.419287477746965e+02, -3.038547931710707e+01, 2.054709680493319e+05, 7.795602979865581e+04, 2.727901842723891e+02, 4.403391463497030e-01, -2.059230393830336e+00
281, 1.683845000000000e-02, -1.210655000000000e-02, 9.831788462031364e-01, 1.425166122500495e+02, -3.823642922618435e+01, 2.038350605112201e+05, 7.710491969897850e+04, 2.731995053513062e+02, 4.529371087928067e-01, -2.134228640250740e+00
282, 1.419420000000000e-02, -1.129939000000000e-02, 9.701703686429595e-01, 1.411477145061490e+02, -4.576063734016267e+01, 2.018312169563042e+05, 7.619375545208874e+04, 2.735909446238471e+02, 4.612416661057581e-01, -2.214518746952105e+00
283, 1.181425000000000e-02, -1.042029000000000e-02, 9.622504645294965e-01, 1.455077709512900e+02, -5.836473901658186e+01, 2.024430272589956e+05, 7.586857129806581e+04, 2.746655059617253e+02, 4.903911956933878e-01, -2.243173372628228e+00
284, 9.688731000000001e-03, -9.472606000000000e-03, 9.601678427765710e-01, 1.399709128823924e+02, -6.754031850418738e+01, 2.028746116631682e+05, 7.611873447792098e+04, 2.761688857741589e+02, 4.858554952910539e-01, -2.221129456317985e+00
285, 7.806751000000000e-03, -8.466955000000000e-03, 9.606054230674386e-01, 1.373188482063821e+02, -7.932793968327380e+01, 2.041696896481262e+05, 7.643172218299645e+04, 2.771781275139268e+02, 4.946412759285386e-01, -2.193549559145214e+00
286, 6.157103000000000e-03, -7.416426000000000e-03, 9.671750109535937e-01, 1.317789783645124e+02, -9.017982308074340e+01, 2.066093133567242e+05, 7.737102922442894e+04, 2.786786206729558e+02, 4.933420889972323e-01, -2.110779561486293e+00
287, 4.729583000000000e-03, -6.333336000000000e-03, 9.789935545582019e-01, 1.263292135119248e+02, -1.037163237549166e+02, 2.102185756121916e+05, 7.862955038951179e+04, 2.797926522472648e+02, 4.978976469339657e-01, -1.999881006176043e+00
288, 3.513803000000000e-03, -5.230770000000000e-03, 9.956656585029451e-01, 1.144030433315059e+02, -1.111282395456644e+02, 2.143308363554609e+05, 8.062267916122521e+04, 2.820811355121338e+02, 4.757602749161116e-01, -1.824250188464875e+00
289, 2.495499000000000e-03, -4.125410000000000e-03, 1.017367226413805e+00, 1.013622498767127e+02, -1.177161299057918e+02, 2.192695058535852e+05, 8.296391197155671e+04, 2.840807619962083e+02, 4.519014088981656e-01, -1.617945087276029e+00
290, 1.655695000000000e-03, -3.035541000000000e-03, 1.036828136047073e+00, 8.697726633686672e+01, -1.196001368447186e+02, 2.235903292853127e+05, 8.521764326220351e+04, 2.863209265016873e+02, 4.204696534307507e-01, -1.419350458020205e+00
291, 9.731799000000000e-04, -1.977225000000000e-03, 1.054494743040002e+00, 7.269208827031386e+01, -1.210082752239572e+02, 2.273986570474016e+05, 8.717999544820293e+04, 2.880068175733311e+02, 3.934847120270513e-01, -1.246431616068967e+00
292, 4.272943000000000e-04, -9.623883000000000e-04, 1.067486640922509e+00, 5.961748023582577e+01, -1.200028858167598e+02, 2.307668481702877e+05, 8.894277463086152e+04, 2.902542382732739e+02, 3.675287846752448e-01, -1.091098777725361e+00
293, 0.000000000000000e+00, 0.000000000000000e+00, 1.075302276704214e+00, 4.687385066673478e+01, -1.148959945256917e+02, 2.338367653227871e+05, 9.067072122589848e+04, 2.937425429380720e+02, 3.358712351538421e-01, -9.388353225213704e-01
